model,agent_identity,automation_scope,user_intent_alignment,autonomy_level,risk_disclosure,control_reversibility,total_mean
DeepSeek-V3_automated,4.785714285714286,3.4285714285714284,3.2142857142857144,2.2142857142857144,2.0,0.8571428571428571,2.75
Qwen3_automated,5.0,3.5384615384615383,2.923076923076923,2.076923076923077,2.3076923076923075,0.9230769230769231,2.97
